<?xml version='1.0' encoding='UTF-8' ?><!--
Created by Alight Motion (http://alightmotion.com)
Exported: 2024-01-21 08:25 PM
5.0.229.1001615 (1000516)
0418fc7 (29 Sep 2023 17.31.49)
-->
<scene title="PRESET SIRENLACYS BAGIAN 1" width="1080" height="1920" exportWidth="1080" exportHeight="1920" precompose="dynamicResolution" bgcolor="#ff000000" totalTime="19527" fps="60" modifiedTime="1705843538838" amver="1000516" ffver="106" am="com.alightcreative.motion/5.0.229.1001615" amplatform="android" retime="freeze" retimeAdaptFPS="false">
  <media uri="content://media/external/video/media/800" filename="c657773c987f0f304cd27f66df9c3fde.mp4" title="c657773c987f0f304cd27f66df9c3fde.mp4" type="video/mp4" duration="19295000" size="3842824" fps="0.60" orientation="0" infoUpdated="1705836516941" width="576" height="1024" />
  <media uri="content://media/external/images/media/746" filename="IMG_20221114_124622_761.png" title="IMG_20221114_124622_761.png" type="image/png" size="1540610" orientation="0" infoUpdated="1705836516941" width="1080" height="1920" />
  <media uri="content://media/external/images/media/676" type="image/png" duration="0" orientation="0" infoUpdated="1705843219575" width="0" height="0" />
  <media uri="content://media/external/images/media/683" filename="IMG_20220510_072352.png" title="IMG_20220510_072352.png" type="image/png" size="194689" orientation="0" infoUpdated="1705843219575" width="1200" height="636" />
  <media uri="content://media/external/video/media/801" filename="&#120365;&#120362;&#120375;&#120358; &#120354;&#120367;&#120362;&#120366;&#120354;&#120373;&#120362;&#120368;&#120367; &#120365;&#120362;&#120367;&#120360; &#120355;&#120378; &#120365;&#120362;&#120366;&#120362;&#120373; [7BAC9D4].mp4" title="&#120365;&#120362;&#120375;&#120358; &#120354;&#120367;&#120362;&#120366;&#120354;&#120373;&#120362;&#120368;&#120367; &#120365;&#120362;&#120367;&#120360; &#120355;&#120378; &#120365;&#120362;&#120366;&#120362;&#120373; [7BAC9D4].mp4" type="video/mp4" duration="7483300" size="11964265" fps="0.60" orientation="0" infoUpdated="1705836516941" width="1920" height="1080" />
  <media uri="content://media/external/images/media/740" type="image/png" duration="0" orientation="0" infoUpdated="1705843219575" width="0" height="0" />
  <media uri="content://media/external/images/media/744" filename="IMG_20221114_124622_518.png" title="IMG_20221114_124622_518.png" type="image/png" size="907420" orientation="0" infoUpdated="1705843219575" width="1080" height="1920" />
  <bookmark t="11583" />
  <bookmark t="12016" />
  <bookmark t="12283" />
  <bookmark t="12683" />
  <bookmark t="12950" />
  <bookmark t="13350" />
  <bookmark t="13783" />
  <bookmark t="14016" />
  <bookmark t="14416" />
  <bookmark t="14683" />
  <bookmark t="15116" />
  <bookmark t="15483" />
  <bookmark t="15783" />
  <bookmark t="16150" />
  <bookmark t="16450" />
  <bookmark t="16916" />
  <bookmark t="17316" />
  <bookmark t="17583" />
  <bookmark t="17950" />
  <bookmark t="18216" />
  <bookmark t="18616" />
  <bookmark t="19083" />
  <bookmark t="19316" />
  <audio id="6374053" label="c657773c987f0f304cd27f66df9c3fde.mp4" startTime="200" endTime="19527" src="content://media/external/video/media/800" outTime="19295" mediaFillMode="fill" />
  <shape id="6374054" label="BACGROUND" startTime="11566" endTime="15132" fillType="media" fillImage="content://media/external/images/media/746" mediaFillMode="fill" s=".rect">
    <transform>
      <location>
        <kf t="0.004767" v="540.000000,960.000000,0.000000" e="cubicBezier 0.42 0.0 0.58 1.0" />
        <kf t="0.126192" v="669.500000,960.000000,0.000000" e="cubicBezier 0.42 0.0 0.58 1.0" />
        <kf t="0.201066" v="395.000000,960.000000,0.000000" e="cubicBezier 0.42 0.0 0.58 1.0" />
        <kf t="0.313236" v="669.500000,960.000000,0.000000" e="cubicBezier 0.42 0.0 0.58 1.0" />
        <kf t="0.388110" v="395.000000,960.000000,0.000000" e="cubicBezier 0.42 0.0 0.58 1.0" />
        <kf t="0.500280" v="669.500000,960.000000,0.000000" e="cubicBezier 0.42 0.0 0.58 1.0" />
        <kf t="0.621705" v="395.000000,960.000000,0.000000" e="cubicBezier 0.42 0.0 0.58 1.0" />
        <kf t="0.874089" v="669.500000,960.000000,0.000000" e="cubicBezier 0.42 0.0 0.58 1.0" />
        <kf t="0.799215" v="395.000000,960.000000,0.000000" e="cubicBezier 0.42 0.0 0.58 1.0" />
        <kf t="0.687044" v="669.500000,960.000000,0.000000" e="cubicBezier 0.42 0.0 0.58 1.0" />
        <kf t="0.995513" v="540.000000,960.000000,0.000000" e="cubicBezier 0.42 0.0 0.58 1.0" />
      </location>
      <scale value="1.709375,1.709375" />
    </transform>
    <effect id="com.alightcreative.effects.flip3" locallyApplied="true">
      <property name="angle" type="float">
        <kf t="0.004767" v="0.000000" e="cubicBezier 0.42 0.0 0.58 1.0" />
        <kf t="0.126192" v="30.100000" e="cubicBezier 0.42 0.0 0.58 1.0" />
        <kf t="0.313236" v="30.100000" e="cubicBezier 0.42 0.0 0.58 1.0" />
        <kf t="0.201066" v="-30.000000" e="cubicBezier 0.42 0.0 0.58 1.0" />
        <kf t="0.388110" v="-30.000000" e="cubicBezier 0.42 0.0 0.58 1.0" />
        <kf t="0.500280" v="30.000000" e="cubicBezier 0.42 0.0 0.58 1.0" />
        <kf t="0.621705" v="-30.000000" e="cubicBezier 0.42 0.0 0.58 1.0" />
        <kf t="0.687044" v="30.000000" e="cubicBezier 0.42 0.0 0.58 1.0" />
        <kf t="0.799215" v="-30.000000" e="cubicBezier 0.42 0.0 0.58 1.0" />
        <kf t="0.874089" v="30.000000" e="cubicBezier 0.42 0.0 0.58 1.0" />
        <kf t="0.995513" v="0.000000" e="cubicBezier 0.42 0.0 0.58 1.0" />
      </property>
      <property name="axis" type="float" value="0.000000" />
      <property name="crop" type="float" value="1.000000" />
      <property name="zdist" type="float" value="0.000000" />
      <property name="solid" type="bool" value="false" />
      <property name="solidColor" type="color" value="#ffdd4455" />
      <property name="thickness" type="float" value="1.000000" />
      <property name="enableLight" type="bool" value="false" />
      <property name="lightIntensity" type="float" value="1.000000" />
      <property name="lightColor" type="color" value="#ffffffff" />
      <property name="shine" type="float" value="0.800000" />
      <property name="spec" type="float" value="30.000000" />
      <property name="ambient" type="float" value="0.100000" />
      <property name="lightDir" type="vec2" value="75.000000,-75.000000" />
      <property name="lightDepth" type="float" value="-100.000000" />
    </effect>
    <effect id="com.alightcreative.effects.hueshift" locallyApplied="true">
      <property name="hue" type="float" value="126.500000" />
    </effect>
    <effect id="com.alightcreative.effects.vignette" locallyApplied="true">
      <property name="scale" type="float" value="0.950000" />
      <property name="roundness" type="float" value="0.000000" />
      <property name="feather" type="float" value="1.000000" />
      <property name="strength" type="float" value="1.000000" />
      <property name="tint" type="float" value="0.200000" />
      <property name="overlaycolor" type="color" value="#ff000000" />
      <property name="punchout" type="bool" value="false" />
    </effect>
    <property name="size" type="vec2" value="540.000000,960.000000" />
  </shape>
  <embedScene id="6374058" label="KARAKTER 3" startTime="11566" endTime="15132" fillType="intrinsic" outTime="3566" mediaFillMode="fill">
    <transform>
      <location>
        <kf t="0.004767" v="540.000000,960.000000,0.000000" e="cubicBezier 0.42 0.0 0.58 1.0" />
        <kf t="0.126192" v="591.500000,959.500000,0.000000" e="cubicBezier 0.42 0.0 0.58 1.0" />
        <kf t="0.313236" v="591.500000,959.500000,0.000000" e="cubicBezier 0.42 0.0 0.58 1.0" />
        <kf t="0.201066" v="477.000000,960.000000,0.000000" e="cubicBezier 0.42 0.0 0.58 1.0" />
        <kf t="0.388110" v="477.000000,959.500000,0.000000" e="cubicBezier 0.42 0.0 0.58 1.0" />
        <kf t="0.500280" v="591.500000,959.500000,0.000000" e="cubicBezier 0.42 0.0 0.58 1.0" />
        <kf t="0.621705" v="477.000000,959.500000,0.000000" e="cubicBezier 0.42 0.0 0.58 1.0" />
        <kf t="0.687044" v="591.500000,960.000000,0.000000" e="cubicBezier 0.42 0.0 0.58 1.0" />
        <kf t="0.799215" v="477.000000,959.500000,0.000000" e="cubicBezier 0.42 0.0 0.58 1.0" />
        <kf t="0.874089" v="591.500000,960.000000,0.000000" e="cubicBezier 0.42 0.0 0.58 1.0" />
        <kf t="0.995513" v="540.000000,959.500000,0.000000" e="cubicBezier 0.42 0.0 0.58 1.0" />
      </location>
      <scale value="1.419792,1.419792" />
    </transform>
    <fillColor value="#ff000000" />
    <effect id="com.alightcreative.effects.flip3" locallyApplied="true">
      <property name="angle" type="float">
        <kf t="0.004767" v="0.000000" e="cubicBezier 0.42 0.0 0.58 1.0" />
        <kf t="0.126192" v="30.100000" e="cubicBezier 0.42 0.0 0.58 1.0" />
        <kf t="0.313236" v="30.100000" e="cubicBezier 0.42 0.0 0.58 1.0" />
        <kf t="0.201066" v="-30.000000" e="cubicBezier 0.42 0.0 0.58 1.0" />
        <kf t="0.388110" v="-30.000000" e="cubicBezier 0.42 0.0 0.58 1.0" />
        <kf t="0.500280" v="30.000000" e="cubicBezier 0.42 0.0 0.58 1.0" />
        <kf t="0.621705" v="-30.000000" e="cubicBezier 0.42 0.0 0.58 1.0" />
        <kf t="0.687044" v="30.000000" e="cubicBezier 0.42 0.0 0.58 1.0" />
        <kf t="0.799215" v="-30.000000" e="cubicBezier 0.42 0.0 0.58 1.0" />
        <kf t="0.874089" v="30.000000" e="cubicBezier 0.42 0.0 0.58 1.0" />
        <kf t="0.995513" v="0.000000" e="cubicBezier 0.42 0.0 0.58 1.0" />
      </property>
      <property name="axis" type="float" value="0.000000" />
      <property name="crop" type="float" value="1.000000" />
      <property name="zdist" type="float" value="0.000000" />
      <property name="solid" type="bool" value="false" />
      <property name="solidColor" type="color" value="#ffdd4455" />
      <property name="thickness" type="float" value="1.000000" />
      <property name="enableLight" type="bool" value="false" />
      <property name="lightIntensity" type="float" value="1.000000" />
      <property name="lightColor" type="color" value="#ffffffff" />
      <property name="shine" type="float" value="0.800000" />
      <property name="spec" type="float" value="30.000000" />
      <property name="ambient" type="float" value="0.100000" />
      <property name="lightDir" type="vec2" value="75.000000,-75.000000" />
      <property name="lightDepth" type="float" value="-100.000000" />
    </effect>
    <effect id="com.alightcreative.effects.vignette" locallyApplied="true">
      <property name="scale" type="float" value="0.950000" />
      <property name="roundness" type="float" value="0.000000" />
      <property name="feather" type="float" value="1.000000" />
      <property name="strength" type="float" value="1.000000" />
      <property name="tint" type="float" value="0.200000" />
      <property name="overlaycolor" type="color" value="#ff000000" />
      <property name="punchout" type="bool" value="false" />
    </effect>
    <scene title="" width="1080" height="1920" exportWidth="1080" exportHeight="1920" precompose="dynamicResolution" bgcolor="#00000000" totalTime="3566" fps="30" modifiedTime="0" amver="1000516" ffver="106" am="com.alightcreative.motion/5.0.229.1001615" amplatform="android" retime="off" retimeAdaptFPS="false">
      <shape id="6374055" label="&#120365;&#120362;&#120375;&#120358; &#120354;&#120367;&#120362;&#120366;&#120354;&#120373;&#120362;&#120368;&#120367; &#120365;&#120362;&#120367;&#120360; &#120355;&#120378; &#120365;&#120362;&#120366;&#120362;&#120373; [7BAC9D4].mp4" startTime="0" endTime="3566" fillType="media" fillVideo="content://media/external/video/media/801" inTime="33" outTime="3599" mediaFillMode="fill" s=".rect">
        <transform>
          <location value="388.000000,1148.500000,0.000000" />
          <scale value="3.099074,-3.099074" />
          <rotation value="180.000000" />
        </transform>
        <effect id="com.alightcreative.effects.chromakey" locallyApplied="true">
          <property name="keyColor" type="color" value="#ffff00e6" />
          <property name="threshold" type="float" value="0.207200" />
          <property name="feather" type="float" value="0.050000" />
          <property name="defringe" type="bool" value="false" />
          <property name="invert" type="bool" value="false" />
        </effect>
        <property name="size" type="vec2" value="540.000000,303.500000" />
      </shape>
      <shape id="6374056" label="Rectangle 1" startTime="0" endTime="2033" fillType="color" blending="mask" mediaFillMode="fill" s=".rect">
        <transform>
          <location value="540.000000,960.000061,0.000000" />
          <scale value="5.400000,9.600000" />
        </transform>
        <fillColor value="#ff8bcacd" />
        <property name="size" type="vec2" value="100.000000,100.000000" />
      </shape>
    </scene>
  </embedScene>
  <embedScene id="6374066" label="KARAKTER 2" startTime="11566" endTime="15132" fillType="intrinsic" outTime="3566" mediaFillMode="fill">
    <transform>
      <location>
        <kf t="0.004767" v="540.000000,960.000000,0.000000" e="cubicBezier 0.42 0.0 0.58 1.0" />
        <kf t="0.995513" v="540.000000,959.500000,0.000000" e="cubicBezier 0.42 0.0 0.58 1.0" />
      </location>
      <scale value="1.340625,1.340625" />
    </transform>
    <fillColor value="#ff000000" />
    <effect id="com.alightcreative.effects.flip3" locallyApplied="true">
      <property name="angle" type="float">
        <kf t="0.004767" v="0.000000" e="cubicBezier 0.42 0.0 0.58 1.0" />
        <kf t="0.126192" v="30.100000" e="cubicBezier 0.42 0.0 0.58 1.0" />
        <kf t="0.313236" v="30.100000" e="cubicBezier 0.42 0.0 0.58 1.0" />
        <kf t="0.201066" v="-30.000000" e="cubicBezier 0.42 0.0 0.58 1.0" />
        <kf t="0.388110" v="-30.000000" e="cubicBezier 0.42 0.0 0.58 1.0" />
        <kf t="0.500280" v="30.000000" e="cubicBezier 0.42 0.0 0.58 1.0" />
        <kf t="0.621705" v="-30.000000" e="cubicBezier 0.42 0.0 0.58 1.0" />
        <kf t="0.687044" v="30.000000" e="cubicBezier 0.42 0.0 0.58 1.0" />
        <kf t="0.799215" v="-30.000000" e="cubicBezier 0.42 0.0 0.58 1.0" />
        <kf t="0.874089" v="30.000000" e="cubicBezier 0.42 0.0 0.58 1.0" />
        <kf t="0.995513" v="0.000000" e="cubicBezier 0.42 0.0 0.58 1.0" />
      </property>
      <property name="axis" type="float" value="0.000000" />
      <property name="crop" type="float" value="1.000000" />
      <property name="zdist" type="float" value="0.000000" />
      <property name="solid" type="bool" value="false" />
      <property name="solidColor" type="color" value="#ffdd4455" />
      <property name="thickness" type="float" value="1.000000" />
      <property name="enableLight" type="bool" value="false" />
      <property name="lightIntensity" type="float" value="1.000000" />
      <property name="lightColor" type="color" value="#ffffffff" />
      <property name="shine" type="float" value="0.800000" />
      <property name="spec" type="float" value="30.000000" />
      <property name="ambient" type="float" value="0.100000" />
      <property name="lightDir" type="vec2" value="75.000000,-75.000000" />
      <property name="lightDepth" type="float" value="-100.000000" />
    </effect>
    <effect id="com.alightcreative.effects.vignette" locallyApplied="true">
      <property name="scale" type="float" value="0.950000" />
      <property name="roundness" type="float" value="0.000000" />
      <property name="feather" type="float" value="1.000000" />
      <property name="strength" type="float" value="1.000000" />
      <property name="tint" type="float" value="0.200000" />
      <property name="overlaycolor" type="color" value="#ff000000" />
      <property name="punchout" type="bool" value="false" />
    </effect>
    <scene title="" width="1080" height="1920" exportWidth="1080" exportHeight="1920" precompose="dynamicResolution" bgcolor="#00000000" totalTime="3566" fps="30" modifiedTime="0" amver="1000516" ffver="106" am="com.alightcreative.motion/5.0.229.1001615" amplatform="android" retime="off" retimeAdaptFPS="false">
      <shape id="6374061" label="&#120365;&#120362;&#120375;&#120358; &#120354;&#120367;&#120362;&#120366;&#120354;&#120373;&#120362;&#120368;&#120367; &#120365;&#120362;&#120367;&#120360; &#120355;&#120378; &#120365;&#120362;&#120366;&#120362;&#120373; [7BAC9D4].mp4 Copy" startTime="0" endTime="3566" fillType="media" fillVideo="content://media/external/video/media/801" inTime="33" outTime="3599" mediaFillMode="fill" s=".rect">
        <transform>
          <location value="773.500000,1316.740967,0.000000" />
          <scale value="2.776852,2.776852" />
        </transform>
        <effect id="com.alightcreative.effects.chromakey" locallyApplied="true">
          <property name="keyColor" type="color" value="#ffff00e4" />
          <property name="threshold" type="float" value="0.234200" />
          <property name="feather" type="float" value="0.050000" />
          <property name="defringe" type="bool" value="false" />
          <property name="invert" type="bool" value="false" />
        </effect>
        <property name="size" type="vec2" value="540.000000,303.500000" />
      </shape>
      <shape id="6374063" label="Rectangle 2 Copy" startTime="0" endTime="2033" clippingMask="true" fillType="color" mediaFillMode="fill" s=".rect">
        <transform>
          <location value="540.000000,960.000061,0.000000" />
          <scale value="5.400000,9.600000" />
        </transform>
        <fillColor value="#ff3d4cf5" />
        <property name="size" type="vec2" value="100.000000,100.000000" />
      </shape>
      <shape id="6374070" label="Rectangle 2 Copy 2" hidden="true" startTime="0" endTime="2033" fillType="color" blending="mask" mediaFillMode="fill" s=".rect">
        <transform>
          <location value="540.000000,960.000061,0.000000" />
          <scale value="5.400000,9.600000" />
        </transform>
        <fillColor value="#ff716788" />
        <property name="size" type="vec2" value="100.000000,100.000000" />
      </shape>
    </scene>
  </embedScene>
  <embedScene id="6374069" label="KARAKTER 1" startTime="11566" endTime="15132" fillType="intrinsic" mediaFillMode="fill">
    <transform>
      <location>
        <kf t="0.004767" v="540.000000,960.000000,0.000000" e="cubicBezier 0.42 0.0 0.58 1.0" />
        <kf t="0.995513" v="540.000000,959.500000,0.000000" e="cubicBezier 0.42 0.0 0.58 1.0" />
        <kf t="0.126192" v="514.500000,960.000000,0.000000" e="cubicBezier 0.42 0.0 0.58 1.0" />
        <kf t="0.201066" v="568.500000,960.000000,0.000000" e="cubicBezier 0.42 0.0 0.58 1.0" />
        <kf t="0.313236" v="514.500000,959.500000,0.000000" e="cubicBezier 0.42 0.0 0.58 1.0" />
        <kf t="0.388110" v="568.500000,959.500000,0.000000" e="cubicBezier 0.42 0.0 0.58 1.0" />
        <kf t="0.500280" v="514.500000,959.500000,0.000000" e="cubicBezier 0.42 0.0 0.58 1.0" />
        <kf t="0.621705" v="572.000000,959.500000,0.000000" e="cubicBezier 0.42 0.0 0.58 1.0" />
        <kf t="0.687044" v="508.000000,959.500000,0.000000" e="cubicBezier 0.42 0.0 0.58 1.0" />
        <kf t="0.799215" v="568.500000,959.500000,0.000000" e="cubicBezier 0.42 0.0 0.58 1.0" />
        <kf t="0.874089" v="508.000000,959.500000,0.000000" e="cubicBezier 0.42 0.0 0.58 1.0" />
      </location>
      <scale value="1.314583,1.314583" />
    </transform>
    <fillColor value="#ff000000" />
    <effect id="com.alightcreative.effects.flip3" locallyApplied="true">
      <property name="angle" type="float">
        <kf t="0.004767" v="0.000000" e="cubicBezier 0.42 0.0 0.58 1.0" />
        <kf t="0.126192" v="30.100000" e="cubicBezier 0.42 0.0 0.58 1.0" />
        <kf t="0.313236" v="30.100000" e="cubicBezier 0.42 0.0 0.58 1.0" />
        <kf t="0.201066" v="-30.000000" e="cubicBezier 0.42 0.0 0.58 1.0" />
        <kf t="0.388110" v="-30.000000" e="cubicBezier 0.42 0.0 0.58 1.0" />
        <kf t="0.500280" v="30.000000" e="cubicBezier 0.42 0.0 0.58 1.0" />
        <kf t="0.621705" v="-30.000000" e="cubicBezier 0.42 0.0 0.58 1.0" />
        <kf t="0.687044" v="30.000000" e="cubicBezier 0.42 0.0 0.58 1.0" />
        <kf t="0.799215" v="-30.000000" e="cubicBezier 0.42 0.0 0.58 1.0" />
        <kf t="0.874089" v="30.000000" e="cubicBezier 0.42 0.0 0.58 1.0" />
        <kf t="0.995513" v="0.000000" e="cubicBezier 0.42 0.0 0.58 1.0" />
      </property>
      <property name="axis" type="float" value="0.000000" />
      <property name="crop" type="float" value="1.000000" />
      <property name="zdist" type="float" value="0.000000" />
      <property name="solid" type="bool" value="false" />
      <property name="solidColor" type="color" value="#ffdd4455" />
      <property name="thickness" type="float" value="1.000000" />
      <property name="enableLight" type="bool" value="false" />
      <property name="lightIntensity" type="float" value="1.000000" />
      <property name="lightColor" type="color" value="#ffffffff" />
      <property name="shine" type="float" value="0.800000" />
      <property name="spec" type="float" value="30.000000" />
      <property name="ambient" type="float" value="0.100000" />
      <property name="lightDir" type="vec2" value="75.000000,-75.000000" />
      <property name="lightDepth" type="float" value="-100.000000" />
    </effect>
    <effect id="com.alightcreative.effects.vignette" locallyApplied="true">
      <property name="scale" type="float" value="0.950000" />
      <property name="roundness" type="float" value="0.000000" />
      <property name="feather" type="float" value="1.000000" />
      <property name="strength" type="float" value="1.000000" />
      <property name="tint" type="float" value="0.200000" />
      <property name="overlaycolor" type="color" value="#ff000000" />
      <property name="punchout" type="bool" value="false" />
    </effect>
    <scene title="" width="1080" height="1920" exportWidth="1080" exportHeight="1920" precompose="dynamicResolution" bgcolor="#00000000" totalTime="3566" fps="30" modifiedTime="0" amver="1000516" ffver="106" am="com.alightcreative.motion/5.0.229.1001615" amplatform="android" retime="off" retimeAdaptFPS="false">
      <shape id="6374061" label="&#120365;&#120362;&#120375;&#120358; &#120354;&#120367;&#120362;&#120366;&#120354;&#120373;&#120362;&#120368;&#120367; &#120365;&#120362;&#120367;&#120360; &#120355;&#120378; &#120365;&#120362;&#120366;&#120362;&#120373; [7BAC9D4].mp4 Copy" startTime="0" endTime="3566" fillType="media" fillVideo="content://media/external/video/media/801" inTime="33" outTime="3599" mediaFillMode="fill" s=".rect">
        <transform>
          <location value="773.500000,1316.740967,0.000000" />
          <scale value="2.776852,2.776852" />
        </transform>
        <effect id="com.alightcreative.effects.chromakey" locallyApplied="true">
          <property name="keyColor" type="color" value="#ffff00e4" />
          <property name="threshold" type="float" value="0.234200" />
          <property name="feather" type="float" value="0.050000" />
          <property name="defringe" type="bool" value="false" />
          <property name="invert" type="bool" value="false" />
        </effect>
        <property name="size" type="vec2" value="540.000000,303.500000" />
      </shape>
      <shape id="6374063" label="Rectangle 2 Copy" hidden="true" startTime="0" endTime="2033" fillType="color" blending="mask" mediaFillMode="fill" s=".rect">
        <transform>
          <location value="540.000000,960.000061,0.000000" />
          <scale value="5.400000,9.600000" />
        </transform>
        <fillColor value="#ff716788" />
        <property name="size" type="vec2" value="100.000000,100.000000" />
      </shape>
    </scene>
  </embedScene>
  <embedScene id="6374080" label="NAMA KALIAN" startTime="11566" endTime="15132" fillType="intrinsic" outTime="3566" mediaFillMode="fill">
    <transform>
      <location>
        <kf t="0.004767" v="540.000000,960.000000,0.000000" e="cubicBezier 0.42 0.0 0.58 1.0" />
        <kf t="0.126192" v="452.500000,960.000000,0.000000" e="cubicBezier 0.42 0.0 0.58 1.0" />
        <kf t="0.201066" v="625.000000,960.000000,0.000000" e="cubicBezier 0.42 0.0 0.58 1.0" />
        <kf t="0.313236" v="452.500000,959.898987,0.000000" e="cubicBezier 0.42 0.0 0.58 1.0" />
        <kf t="0.388110" v="625.000000,959.844421,0.000000" e="cubicBezier 0.42 0.0 0.58 1.0" />
        <kf t="0.500280" v="452.500000,959.898987,0.000000" e="cubicBezier 0.42 0.0 0.58 1.0" />
        <kf t="0.621705" v="625.000000,959.844421,0.000000" e="cubicBezier 0.42 0.0 0.58 1.0" />
        <kf t="0.687044" v="452.500000,959.601013,0.000000" e="cubicBezier 0.42 0.0 0.58 1.0" />
        <kf t="0.799215" v="625.000000,959.540039,0.000000" e="cubicBezier 0.42 0.0 0.58 1.0" />
        <kf t="0.874089" v="452.500000,959.540039,0.000000" e="cubicBezier 0.42 0.0 0.58 1.0" />
        <kf t="0.995513" v="540.000000,959.540039,0.000000" e="cubicBezier 0.42 0.0 0.58 1.0" />
      </location>
    </transform>
    <fillColor value="#ff000000" />
    <effect id="com.alightcreative.effects.flip3" locallyApplied="true">
      <property name="angle" type="float">
        <kf t="0.004767" v="0.000000" e="cubicBezier 0.42 0.0 0.58 1.0" />
        <kf t="0.126192" v="30.100000" e="cubicBezier 0.42 0.0 0.58 1.0" />
        <kf t="0.313236" v="30.100000" e="cubicBezier 0.42 0.0 0.58 1.0" />
        <kf t="0.201066" v="-30.000000" e="cubicBezier 0.42 0.0 0.58 1.0" />
        <kf t="0.388110" v="-30.000000" e="cubicBezier 0.42 0.0 0.58 1.0" />
        <kf t="0.500280" v="30.000000" e="cubicBezier 0.42 0.0 0.58 1.0" />
        <kf t="0.621705" v="-30.000000" e="cubicBezier 0.42 0.0 0.58 1.0" />
        <kf t="0.687044" v="30.000000" e="cubicBezier 0.42 0.0 0.58 1.0" />
        <kf t="0.799215" v="-30.000000" e="cubicBezier 0.42 0.0 0.58 1.0" />
        <kf t="0.874089" v="30.000000" e="cubicBezier 0.42 0.0 0.58 1.0" />
        <kf t="0.995513" v="0.000000" e="cubicBezier 0.42 0.0 0.58 1.0" />
      </property>
      <property name="axis" type="float" value="0.000000" />
      <property name="crop" type="float" value="1.000000" />
      <property name="zdist" type="float" value="0.000000" />
      <property name="solid" type="bool" value="false" />
      <property name="solidColor" type="color" value="#ffdd4455" />
      <property name="thickness" type="float" value="1.000000" />
      <property name="enableLight" type="bool" value="false" />
      <property name="lightIntensity" type="float" value="1.000000" />
      <property name="lightColor" type="color" value="#ffffffff" />
      <property name="shine" type="float" value="0.800000" />
      <property name="spec" type="float" value="30.000000" />
      <property name="ambient" type="float" value="0.100000" />
      <property name="lightDir" type="vec2" value="75.000000,-75.000000" />
      <property name="lightDepth" type="float" value="-100.000000" />
    </effect>
    <effect id="com.alightcreative.effects.vignette" locallyApplied="true">
      <property name="scale" type="float" value="0.950000" />
      <property name="roundness" type="float" value="0.000000" />
      <property name="feather" type="float" value="1.000000" />
      <property name="strength" type="float" value="1.000000" />
      <property name="tint" type="float" value="0.200000" />
      <property name="overlaycolor" type="color" value="#ff000000" />
      <property name="punchout" type="bool" value="false" />
    </effect>
    <scene title="" width="1080" height="1920" exportWidth="1080" exportHeight="1920" precompose="dynamicResolution" bgcolor="#00000000" totalTime="3566" fps="30" modifiedTime="0" amver="1000516" ffver="106" am="com.alightcreative.motion/5.0.229.1001615" amplatform="android" retime="off" retimeAdaptFPS="false">
      <text id="6374078" startTime="0" endTime="3566" fillType="color" mediaFillMode="fill" size="18.000000" font="imported?name=AmazDooMRight.ttf" wrapWidth="110" align="left">
        <transform>
          <location value="620.181702,1516.500000,0.000000" />
          <scale value="6.481818,6.481818" />
        </transform>
        <fillColor value="#ff17e1e1" />
        <path-stroke direction="centered" end-size="1.500000">
          <color value="#ffffffff" />
        </path-stroke>
        <shadow direction="outside">
          <color value="#ffffffff" />
          <size value="12.000000" />
        </shadow>
        <content>SIREN</content>
      </text>
      <shape id="6374079" label="Rectangle 1" startTime="0" endTime="2033" fillType="color" blending="mask" mediaFillMode="fill" s=".rect">
        <transform>
          <location value="540.000000,960.000061,0.000000" />
          <scale value="5.400000,9.600000" />
        </transform>
        <fillColor value="#ff5a4edf" />
        <property name="size" type="vec2" value="100.000000,100.000000" />
      </shape>
    </scene>
  </embedScene>
  <embedScene id="6374076" label="MENTAHAN" startTime="11566" endTime="15132" fillType="intrinsic" outTime="3566" mediaFillMode="fill">
    <transform>
      <location>
        <kf t="0.000000" v="540.000000,960.000000,0.000000" e="cubicBezier 0.42 0.0 0.58 1.0" />
        <kf t="0.201066" v="652.187744,959.959961,0.000000" e="cubicBezier 0.42 0.0 0.58 1.0" />
        <kf t="0.126192" v="423.937317,960.000000,0.000000" e="cubicBezier 0.42 0.0 0.58 1.0" />
        <kf t="0.313236" v="423.937317,959.500000,0.000000" e="cubicBezier 0.42 0.0 0.58 1.0" />
        <kf t="0.388110" v="652.187744,959.500000,0.000000" e="cubicBezier 0.42 0.0 0.58 1.0" />
        <kf t="0.500280" v="423.937317,959.500000,0.000000" e="cubicBezier 0.42 0.0 0.58 1.0" />
        <kf t="0.621705" v="652.187744,959.500000,0.000000" e="cubicBezier 0.42 0.0 0.58 1.0" />
        <kf t="0.687044" v="423.937317,959.500000,0.000000" e="cubicBezier 0.42 0.0 0.58 1.0" />
        <kf t="0.799215" v="652.187744,959.500000,0.000000" e="cubicBezier 0.42 0.0 0.58 1.0" />
        <kf t="0.874089" v="423.937317,959.514954,0.000000" e="cubicBezier 0.42 0.0 0.58 1.0" />
        <kf t="0.995513" v="540.000000,959.514954,0.000000" e="cubicBezier 0.42 0.0 0.58 1.0" />
      </location>
      <scale value="1.482292,1.482292" />
    </transform>
    <fillColor value="#ff000000" />
    <effect id="com.alightcreative.effects.flip3" locallyApplied="true">
      <property name="angle" type="float">
        <kf t="0.004767" v="0.000000" e="cubicBezier 0.42 0.0 0.58 1.0" />
        <kf t="0.126192" v="30.100000" e="cubicBezier 0.42 0.0 0.58 1.0" />
        <kf t="0.313236" v="30.100000" e="cubicBezier 0.42 0.0 0.58 1.0" />
        <kf t="0.201066" v="-30.000000" e="cubicBezier 0.42 0.0 0.58 1.0" />
        <kf t="0.388110" v="-30.000000" e="cubicBezier 0.42 0.0 0.58 1.0" />
        <kf t="0.500280" v="30.000000" e="cubicBezier 0.42 0.0 0.58 1.0" />
        <kf t="0.621705" v="-30.000000" e="cubicBezier 0.42 0.0 0.58 1.0" />
        <kf t="0.687044" v="30.000000" e="cubicBezier 0.42 0.0 0.58 1.0" />
        <kf t="0.799215" v="-30.000000" e="cubicBezier 0.42 0.0 0.58 1.0" />
        <kf t="0.874089" v="30.000000" e="cubicBezier 0.42 0.0 0.58 1.0" />
        <kf t="0.995513" v="0.000000" e="cubicBezier 0.42 0.0 0.58 1.0" />
      </property>
      <property name="axis" type="float" value="0.000000" />
      <property name="crop" type="float" value="1.000000" />
      <property name="zdist" type="float" value="0.000000" />
      <property name="solid" type="bool" value="false" />
      <property name="solidColor" type="color" value="#ffdd4455" />
      <property name="thickness" type="float" value="1.000000" />
      <property name="enableLight" type="bool" value="false" />
      <property name="lightIntensity" type="float" value="1.000000" />
      <property name="lightColor" type="color" value="#ffffffff" />
      <property name="shine" type="float" value="0.800000" />
      <property name="spec" type="float" value="30.000000" />
      <property name="ambient" type="float" value="0.100000" />
      <property name="lightDir" type="vec2" value="75.000000,-75.000000" />
      <property name="lightDepth" type="float" value="-100.000000" />
    </effect>
    <effect id="com.alightcreative.effects.vignette" locallyApplied="true">
      <property name="scale" type="float" value="0.950000" />
      <property name="roundness" type="float" value="0.000000" />
      <property name="feather" type="float" value="1.000000" />
      <property name="strength" type="float" value="1.000000" />
      <property name="tint" type="float" value="0.200000" />
      <property name="overlaycolor" type="color" value="#ff000000" />
      <property name="punchout" type="bool" value="false" />
    </effect>
    <scene title="" width="1080" height="1920" exportWidth="1080" exportHeight="1920" precompose="dynamicResolution" bgcolor="#00000000" totalTime="3566" fps="30" modifiedTime="0" amver="1000516" ffver="106" am="com.alightcreative.motion/5.0.229.1001615" amplatform="android" retime="off" retimeAdaptFPS="false">
      <shape id="6374073" label="IMG_20221023_182158_989.png" startTime="0" endTime="3566" fillType="media" fillImage="content://media/external/images/media/740" mediaFillMode="fill" s=".rect">
        <transform>
          <location value="624.374756,1058.027344,0.000000" />
          <scale value="1.482292,1.482292" />
          <opacity value="0.615234" />
        </transform>
        <property name="size" type="vec2" value="540.000000,960.000000" />
      </shape>
      <shape id="6374074" label="IMG_20221114_124622_518.png" startTime="0" endTime="3566" fillType="media" fillImage="content://media/external/images/media/744" mediaFillMode="fill" s=".rect">
        <transform>
          <location value="540.000000,960.000061,0.000000" />
          <scale value="1.464063,1.464063" />
          <opacity value="0.638672" />
        </transform>
        <property name="size" type="vec2" value="540.000000,960.000000" />
      </shape>
      <shape id="6374075" label="Rectangle 1" startTime="0" endTime="2033" fillType="color" blending="mask" mediaFillMode="fill" s=".rect">
        <transform>
          <location value="540.000000,960.000061,0.000000" />
          <scale value="5.400000,9.600000" />
        </transform>
        <fillColor value="#ffa24b7d" />
        <property name="size" type="vec2" value="100.000000,100.000000" />
      </shape>
    </scene>
  </embedScene>
  <shape id="6374081" label="Rectangle 1" startTime="15100" endTime="18632" fillType="color" mediaFillMode="fill" s=".rect">
    <transform>
      <location value="540.000000,960.000000,0.000000" />
      <scale value="5.400000,9.600000" />
    </transform>
    <effect id="com.alightcreative.effects.radialrays" locallyApplied="true">
      <property name="pointCount" type="float" value="16.000000" />
      <property name="rayWidth" type="float">
        <kf t="0.004530" v="0.500000" />
      </property>
      <property name="angle" type="float">
        <kf t="0.004530" v="0.000000" />
        <kf t="0.995470" v="67.500000" />
      </property>
      <property name="color" type="color" value="#ff17e1e1" />
      <property name="alpha" type="float" value="1.000000" />
      <property name="blendMode" type="int" value="0" />
      <property name="innerRadius" type="float" value="0.000000" />
      <property name="outerRadius" type="float" value="1.000000" />
      <property name="feather" type="float" value="1.000000" />
      <property name="radialFeather" type="float" value="1.000000" />
      <property name="bendStrength" type="float" value="0.000000" />
      <property name="bendFrequency" type="float" value="50.000000" />
      <property name="bendPhase" type="float" value="0.000000" />
    </effect>
    <effect id="com.alightcreative.effects.vignette" locallyApplied="true">
      <property name="scale" type="float" value="0.950000" />
      <property name="roundness" type="float" value="0.000000" />
      <property name="feather" type="float" value="1.000000" />
      <property name="strength" type="float" value="1.000000" />
      <property name="tint" type="float" value="0.200000" />
      <property name="overlaycolor" type="color" value="#ff000000" />
      <property name="punchout" type="bool" value="false" />
    </effect>
    <property name="size" type="vec2" value="100.000000,100.000000" />
  </shape>
  <shape id="6374090" label="New Project 9 [3F9700D].png" startTime="15100" endTime="18632" fillType="media" fillImage="content://media/external/images/media/676" mediaFillMode="fill" s=".rect">
    <transform>
      <location value="540.000000,960.000000,0.000000" />
      <scale value="1.486979,1.486979" />
    </transform>
    <property name="size" type="vec2" value="540.000000,960.000000" />
  </shape>
  <embedScene id="6374082" label="KARAKTER 2" startTime="15100" endTime="18615" fillType="intrinsic" outTime="3515" mediaFillMode="fill">
    <transform>
      <location>
        <kf t="1.009957" v="540.000000,959.500000,0.000000" e="cubicBezier 0.42 0.0 0.58 1.0" />
      </location>
      <scale value="1.127083,1.127083" />
    </transform>
    <fillColor value="#ff000000" />
    <effect id="com.alightcreative.spectralmap" locallyApplied="true">
      <property name="phase" type="float" value="0.000000" />
      <property name="repeat" type="float" value="1.000000" />
      <property name="alpha" type="float" value="1.000000" />
      <property name="squeeze" type="float" value="0.000000" />
      <property name="saturation" type="float" value="0.000000" />
      <property name="redColor" type="color" value="#ff17e1e1" />
      <property name="greenColor" type="color" value="#ff17e1e1" />
      <property name="blueColor" type="color" value="#ff0000ff" />
      <property name="reverse" type="bool" value="false" />
      <property name="scaleBrightness" type="bool" value="false" />
    </effect>
    <scene title="" width="1080" height="1920" exportWidth="1080" exportHeight="1920" precompose="dynamicResolution" bgcolor="#00000000" totalTime="3566" fps="30" modifiedTime="0" amver="1000516" ffver="106" am="com.alightcreative.motion/5.0.229.1001615" amplatform="android" retime="off" retimeAdaptFPS="false">
      <shape id="6374061" label="&#120365;&#120362;&#120375;&#120358; &#120354;&#120367;&#120362;&#120366;&#120354;&#120373;&#120362;&#120368;&#120367; &#120365;&#120362;&#120367;&#120360; &#120355;&#120378; &#120365;&#120362;&#120366;&#120362;&#120373; [7BAC9D4].mp4 Copy" startTime="0" endTime="3566" fillType="media" fillVideo="content://media/external/video/media/801" inTime="33" outTime="3599" mediaFillMode="fill" s=".rect">
        <transform>
          <location value="773.500000,1316.740967,0.000000" />
          <scale value="2.776852,2.776852" />
        </transform>
        <effect id="com.alightcreative.effects.chromakey" locallyApplied="true">
          <property name="keyColor" type="color" value="#ffff00e4" />
          <property name="threshold" type="float" value="0.234200" />
          <property name="feather" type="float" value="0.050000" />
          <property name="defringe" type="bool" value="false" />
          <property name="invert" type="bool" value="false" />
        </effect>
        <property name="size" type="vec2" value="540.000000,303.500000" />
      </shape>
      <shape id="6374063" label="Rectangle 2 Copy" hidden="true" startTime="0" endTime="2033" fillType="color" blending="mask" mediaFillMode="fill" s=".rect">
        <transform>
          <location value="540.000000,960.000061,0.000000" />
          <scale value="5.400000,9.600000" />
        </transform>
        <fillColor value="#ff716788" />
        <property name="size" type="vec2" value="100.000000,100.000000" />
      </shape>
    </scene>
  </embedScene>
  <embedScene id="6374083" label="KARAKTER 1" startTime="15100" endTime="18632" fillType="intrinsic" outTime="3532" mediaFillMode="fill">
    <transform>
      <location>
        <kf t="1.005096" v="540.000000,959.500000,0.000000" e="cubicBezier 0.42 0.0 0.58 1.0" />
      </location>
      <scale value="1.070313,1.070313" />
    </transform>
    <fillColor value="#ff000000" />
    <scene title="" width="1080" height="1920" exportWidth="1080" exportHeight="1920" precompose="dynamicResolution" bgcolor="#00000000" totalTime="3566" fps="30" modifiedTime="0" amver="1000516" ffver="106" am="com.alightcreative.motion/5.0.229.1001615" amplatform="android" retime="off" retimeAdaptFPS="false">
      <shape id="6374061" label="&#120365;&#120362;&#120375;&#120358; &#120354;&#120367;&#120362;&#120366;&#120354;&#120373;&#120362;&#120368;&#120367; &#120365;&#120362;&#120367;&#120360; &#120355;&#120378; &#120365;&#120362;&#120366;&#120362;&#120373; [7BAC9D4].mp4 Copy" startTime="0" endTime="3566" fillType="media" fillVideo="content://media/external/video/media/801" inTime="33" outTime="3599" mediaFillMode="fill" s=".rect">
        <transform>
          <location value="773.500000,1316.740967,0.000000" />
          <scale value="2.776852,2.776852" />
        </transform>
        <effect id="com.alightcreative.effects.chromakey" locallyApplied="true">
          <property name="keyColor" type="color" value="#ffff00e4" />
          <property name="threshold" type="float" value="0.234200" />
          <property name="feather" type="float" value="0.050000" />
          <property name="defringe" type="bool" value="false" />
          <property name="invert" type="bool" value="false" />
        </effect>
        <property name="size" type="vec2" value="540.000000,303.500000" />
      </shape>
      <shape id="6374063" label="Rectangle 2 Copy" hidden="true" startTime="0" endTime="2033" fillType="color" blending="mask" mediaFillMode="fill" s=".rect">
        <transform>
          <location value="540.000000,960.000061,0.000000" />
          <scale value="5.400000,9.600000" />
        </transform>
        <fillColor value="#ff716788" />
        <property name="size" type="vec2" value="100.000000,100.000000" />
      </shape>
    </scene>
  </embedScene>
  <embedScene id="6374085" label="NAMA KALIAN" startTime="15100" endTime="18632" fillType="intrinsic" outTime="3532" mediaFillMode="fill">
    <transform>
      <location>
        <kf t="0.004813" v="540.000000,960.000000,0.000000" e="cubicBezier 0.42 0.0 0.58 1.0" />
        <kf t="1.005096" v="540.000000,959.540039,0.000000" e="cubicBezier 0.42 0.0 0.58 1.0" />
      </location>
    </transform>
    <fillColor value="#ff000000" />
    <effect id="com.alightcreative.effects.vignette" locallyApplied="true">
      <property name="scale" type="float" value="0.950000" />
      <property name="roundness" type="float" value="0.000000" />
      <property name="feather" type="float" value="1.000000" />
      <property name="strength" type="float" value="1.000000" />
      <property name="tint" type="float" value="0.200000" />
      <property name="overlaycolor" type="color" value="#ff000000" />
      <property name="punchout" type="bool" value="false" />
    </effect>
    <scene title="" width="1080" height="1920" exportWidth="1080" exportHeight="1920" precompose="dynamicResolution" bgcolor="#00000000" totalTime="3532" fps="30" modifiedTime="0" amver="1000516" ffver="106" am="com.alightcreative.motion/5.0.229.1001615" amplatform="android" retime="off" retimeAdaptFPS="false">
      <text id="6374078" startTime="0" endTime="3532" fillType="color" mediaFillMode="fill" size="18.000000" font="imported?name=AmazDooMRight.ttf" wrapWidth="110" align="left">
        <transform>
          <location value="620.181702,1516.500000,0.000000" />
          <scale value="6.481818,6.481818" />
        </transform>
        <fillColor value="#ff17e1e1" />
        <path-stroke direction="centered" end-size="1.500000">
          <color value="#ffffffff" />
        </path-stroke>
        <shadow direction="outside">
          <color value="#ffffffff" />
          <size value="12.000000" />
        </shadow>
        <content>SIREN</content>
      </text>
      <shape id="6374079" label="Rectangle 1" startTime="0" endTime="2033" fillType="color" blending="mask" mediaFillMode="fill" s=".rect">
        <transform>
          <location value="540.000000,960.000061,0.000000" />
          <scale value="5.400000,9.600000" />
        </transform>
        <fillColor value="#ff5a4edf" />
        <property name="size" type="vec2" value="100.000000,100.000000" />
      </shape>
    </scene>
  </embedScene>
  <shape id="6374087" label="AWAN 2" startTime="15100" endTime="18632" fillType="media" fillImage="content://media/external/images/media/683" mediaFillMode="fill" s=".rect">
    <transform>
      <location value="577.500000,305.856049,0.000000" />
      <scale value="1.069444,1.069444" />
      <rotation value="180.000000" />
    </transform>
    <property name="size" type="vec2" value="540.000000,286.000000" />
  </shape>
  <shape id="6374091" label="AWAN 1" startTime="15100" endTime="18632" fillType="media" fillImage="content://media/external/images/media/683" mediaFillMode="fill" s=".rect">
    <transform>
      <location value="567.706299,1681.139404,0.000000" />
      <scale value="1.069444,1.069444" />
    </transform>
    <property name="size" type="vec2" value="540.000000,286.000000" />
  </shape>
</scene>