<?xml version='1.0' encoding='UTF-8' ?><!--
Created by Alight Motion (http://alightmotion.com)
Exported: 2024-01-21 08:25 PM
5.0.229.1001615 (1000516)
0418fc7 (29 Sep 2023 17.31.49)
-->
<scene title="PRESET SIRENLACYS BAGIAN 2" width="1080" height="1920" exportWidth="1080" exportHeight="1920" precompose="dynamicResolution" bgcolor="#ff000000" totalTime="19565" fps="60" modifiedTime="1705843556276" amver="1000516" ffver="106" am="com.alightcreative.motion/5.0.229.1001615" amplatform="android" retime="freeze" retimeAdaptFPS="false">
  <media uri="content://media/external/video/media/800" filename="c657773c987f0f304cd27f66df9c3fde.mp4" title="c657773c987f0f304cd27f66df9c3fde.mp4" type="video/mp4" duration="19295000" size="3842824" fps="0.60" orientation="0" infoUpdated="1705836516941" width="576" height="1024" />
  <media uri="content://media/external/video/media/1811" type="video/mp4" duration="19533300" orientation="90" infoUpdated="1705836875381" width="1920" height="1080" />
  <media uri="content://media/external/video/media/682" type="video/mp4" duration="24032633" orientation="0" infoUpdated="1705836862675" width="1280" height="720" />
  <media uri="content://media/external/video/media/756" filename="yt1s.com - Mentahan efek percikan api Kinemaster.mp4" title="yt1s.com - Mentahan efek percikan api Kinemaster.mp4" type="video/mp4" duration="60628000" size="22405028" fps="0.30" orientation="0" infoUpdated="1705836862675" width="1920" height="1080" />
  <media uri="content://media/external/video/media/734" type="video/mp4" duration="29512000" orientation="0" infoUpdated="1705836862675" width="720" height="720" />
  <media uri="content://media/external/images/media/746" filename="IMG_20221114_124622_761.png" title="IMG_20221114_124622_761.png" type="image/png" size="1540610" orientation="0" infoUpdated="1705836516941" width="1080" height="1920" />
  <media uri="content://media/external/images/media/668" filename="6909652888743232514_avatar.png.jpg" title="6909652888743232514_avatar.png.jpg" type="image/png" size="216492" orientation="0" infoUpdated="1705836862675" width="1080" height="1080" />
  <media uri="content://media/external/video/media/801" filename="&#120365;&#120362;&#120375;&#120358; &#120354;&#120367;&#120362;&#120366;&#120354;&#120373;&#120362;&#120368;&#120367; &#120365;&#120362;&#120367;&#120360; &#120355;&#120378; &#120365;&#120362;&#120366;&#120362;&#120373; [7BAC9D4].mp4" title="&#120365;&#120362;&#120375;&#120358; &#120354;&#120367;&#120362;&#120366;&#120354;&#120373;&#120362;&#120368;&#120367; &#120365;&#120362;&#120367;&#120360; &#120355;&#120378; &#120365;&#120362;&#120366;&#120362;&#120373; [7BAC9D4].mp4" type="video/mp4" duration="7483300" size="11964265" fps="0.60" orientation="0" infoUpdated="1705836516941" width="1920" height="1080" />
  <media uri="content://media/external/images/media/804" filename="New Project 9 [5342DB3].png" title="New Project 9 [5342DB3].png" type="image/png" size="1556873" orientation="0" infoUpdated="1705836862675" width="1080" height="1920" />
  <bookmark t="11583" />
  <bookmark t="12016" />
  <bookmark t="12283" />
  <bookmark t="12683" />
  <bookmark t="12950" />
  <bookmark t="13350" />
  <bookmark t="13783" />
  <bookmark t="14016" />
  <bookmark t="14416" />
  <bookmark t="14683" />
  <bookmark t="15116" />
  <bookmark t="15483" />
  <bookmark t="15783" />
  <bookmark t="16150" />
  <bookmark t="16450" />
  <bookmark t="16916" />
  <bookmark t="17316" />
  <bookmark t="17583" />
  <bookmark t="17950" />
  <bookmark t="18216" />
  <bookmark t="18616" />
  <bookmark t="19083" />
  <bookmark t="19316" />
  <bookmark t="4616" />
  <bookmark t="3716" />
  <bookmark t="8150" />
  <bookmark t="2250" />
  <audio id="6374053" label="c657773c987f0f304cd27f66df9c3fde.mp4" startTime="200" endTime="19527" src="content://media/external/video/media/800" outTime="19295" mediaFillMode="fill" />
  <shape id="6374092" label="New Project 9 [7FD7A18].mp4" startTime="11566" endTime="19565" fillType="media" fillVideo="content://media/external/video/media/1811" inTime="11566" outTime="19533" mediaFillMode="fill" s=".rect">
    <transform>
      <location value="540.000000,960.000000,0.000000" />
      <rotation value="90.000000" />
    </transform>
    <gain value="0.000000" />
    <property name="size" type="vec2" value="960.000000,540.000000" />
  </shape>
  <shape id="6374093" label="AURA UNGU.mp4" startTime="15100" endTime="18632" fillType="media" blending="screen" fillVideo="content://media/external/video/media/682" outTime="3002" speed="0.850000" mediaFillMode="fill" s=".rect">
    <transform>
      <location value="540.000000,960.000000,0.000000" />
      <scale value="1.000000,1.777778" />
    </transform>
    <property name="size" type="vec2" value="540.000000,540.000000" />
  </shape>
  <shape id="6374095" label="AURA UNGU.mp4 Copy 2" startTime="11533" endTime="15132" fillType="media" blending="screen" fillVideo="content://media/external/video/media/756" outTime="3599" mediaFillMode="fill" s=".rect">
    <transform>
      <location value="540.000000,960.000000,0.000000" />
      <scale value="1.000000,1.777778" />
    </transform>
    <effect id="com.alightcreative.effects.hueshift" locallyApplied="true">
      <property name="hue" type="float" value="74.000000" />
    </effect>
    <property name="size" type="vec2" value="540.000000,540.000000" />
  </shape>
  <shape id="6374094" label="AURA UNGU.mp4 Copy" startTime="11533" endTime="15132" fillType="media" blending="screen" fillVideo="content://media/external/video/media/734" outTime="3599" mediaFillMode="fill" s=".rect">
    <transform>
      <location value="540.000000,960.000000,0.000000" />
      <scale value="1.000000,1.777778" />
    </transform>
    <effect id="com.alightcreative.effects.hueshift" locallyApplied="true">
      <property name="hue" type="float" value="74.000000" />
    </effect>
    <property name="size" type="vec2" value="540.000000,540.000000" />
  </shape>
  <shape id="6374112" label="Rectangle 1" startTime="0" endTime="4632" fillType="color" fillImage="content://media/external/images/media/746" mediaFillMode="fill" parent="6374105" s=".rect">
    <transform>
      <location value="0.000000,0.000000,3002.756348" />
      <scale value="21.985294,39.085003" />
      <opacity value="0.328125" />
    </transform>
    <effect id="com.alightcreative.effects.vignette" locallyApplied="true">
      <property name="scale" type="float" value="0.950000" />
      <property name="roundness" type="float" value="0.000000" />
      <property name="feather" type="float" value="1.000000" />
      <property name="strength" type="float" value="1.000000" />
      <property name="tint" type="float" value="0.200000" />
      <property name="overlaycolor" type="color" value="#ff000000" />
      <property name="punchout" type="bool" value="false" />
    </effect>
    <effect id="com.alightcreative.effects.flip3" locallyApplied="true">
      <property name="angle" type="float" value="35.299999" />
      <property name="axis" type="float" value="0.000000" />
      <property name="crop" type="float" value="1.000000" />
      <property name="zdist" type="float" value="0.000000" />
      <property name="solid" type="bool" value="false" />
      <property name="solidColor" type="color" value="#ffdd4455" />
      <property name="thickness" type="float" value="1.000000" />
      <property name="enableLight" type="bool" value="false" />
      <property name="lightIntensity" type="float" value="1.000000" />
      <property name="lightColor" type="color" value="#ffffffff" />
      <property name="shine" type="float" value="0.800000" />
      <property name="spec" type="float" value="30.000000" />
      <property name="ambient" type="float" value="0.100000" />
      <property name="lightDir" type="vec2" value="75.000000,-75.000000" />
      <property name="lightDepth" type="float" value="-100.000000" />
    </effect>
    <effect id="com.alightcreative.effects.hueshift" locallyApplied="true">
      <property name="hue" type="float" value="478.000000" />
    </effect>
    <property name="size" type="vec2" value="100.000000,100.000000" />
  </shape>
  <shape id="6374123" label="Rectangle 1 Copy" startTime="4600" endTime="8165" fillType="color" fillImage="content://media/external/images/media/746" mediaFillMode="fill" parent="6374135" s=".rect">
    <transform>
      <location value="0.000000,0.000000,3012.256348" />
      <scale value="21.985294,39.085003" />
      <opacity value="0.328125" />
    </transform>
    <effect id="com.alightcreative.effects.vignette" locallyApplied="true">
      <property name="scale" type="float" value="0.950000" />
      <property name="roundness" type="float" value="0.000000" />
      <property name="feather" type="float" value="1.000000" />
      <property name="strength" type="float" value="1.000000" />
      <property name="tint" type="float" value="0.200000" />
      <property name="overlaycolor" type="color" value="#ff000000" />
      <property name="punchout" type="bool" value="false" />
    </effect>
    <effect id="com.alightcreative.effects.flip3" locallyApplied="true">
      <property name="angle" type="float" value="35.299999" />
      <property name="axis" type="float" value="0.000000" />
      <property name="crop" type="float" value="1.000000" />
      <property name="zdist" type="float" value="0.000000" />
      <property name="solid" type="bool" value="false" />
      <property name="solidColor" type="color" value="#ffdd4455" />
      <property name="thickness" type="float" value="1.000000" />
      <property name="enableLight" type="bool" value="false" />
      <property name="lightIntensity" type="float" value="1.000000" />
      <property name="lightColor" type="color" value="#ffffffff" />
      <property name="shine" type="float" value="0.800000" />
      <property name="spec" type="float" value="30.000000" />
      <property name="ambient" type="float" value="0.100000" />
      <property name="lightDir" type="vec2" value="75.000000,-75.000000" />
      <property name="lightDepth" type="float" value="-100.000000" />
    </effect>
    <effect id="com.alightcreative.effects.hueshift" locallyApplied="true">
      <property name="hue" type="float" value="478.000000" />
    </effect>
    <property name="size" type="vec2" value="100.000000,100.000000" />
  </shape>
  <shape id="6374136" label="Rectangle 1 Copy 2" startTime="8133" endTime="11599" fillType="color" fillImage="content://media/external/images/media/746" mediaFillMode="fill" parent="6374135" s=".rect">
    <transform>
      <location value="0.000000,0.000000,3012.256348" />
      <scale value="21.985294,39.085003" />
      <opacity value="0.328125" />
    </transform>
    <effect id="com.alightcreative.effects.vignette" locallyApplied="true">
      <property name="scale" type="float" value="0.950000" />
      <property name="roundness" type="float" value="0.000000" />
      <property name="feather" type="float" value="1.000000" />
      <property name="strength" type="float" value="1.000000" />
      <property name="tint" type="float" value="0.200000" />
      <property name="overlaycolor" type="color" value="#ff000000" />
      <property name="punchout" type="bool" value="false" />
    </effect>
    <effect id="com.alightcreative.effects.flip3" locallyApplied="true">
      <property name="angle" type="float" value="35.299999" />
      <property name="axis" type="float" value="0.000000" />
      <property name="crop" type="float" value="1.000000" />
      <property name="zdist" type="float" value="0.000000" />
      <property name="solid" type="bool" value="false" />
      <property name="solidColor" type="color" value="#ffdd4455" />
      <property name="thickness" type="float" value="1.000000" />
      <property name="enableLight" type="bool" value="false" />
      <property name="lightIntensity" type="float" value="1.000000" />
      <property name="lightColor" type="color" value="#ffffffff" />
      <property name="shine" type="float" value="0.800000" />
      <property name="spec" type="float" value="30.000000" />
      <property name="ambient" type="float" value="0.100000" />
      <property name="lightDir" type="vec2" value="75.000000,-75.000000" />
      <property name="lightDepth" type="float" value="-100.000000" />
    </effect>
    <effect id="com.alightcreative.effects.hueshift" locallyApplied="true">
      <property name="hue" type="float" value="478.000000" />
    </effect>
    <property name="size" type="vec2" value="100.000000,100.000000" />
  </shape>
  <embedScene id="6374111" label="TEXT" startTime="0" endTime="4632" fillType="intrinsic" outTime="4632" mediaFillMode="fill" parent="6374105">
    <transform>
      <location value="570.977539,-26.855530,2078.259766" />
      <scale value="1.148172,1.148172" />
    </transform>
    <fillColor value="#ff000000" />
    <effect id="com.alightcreative.effects.flip3" locallyApplied="true">
      <property name="angle" type="float" value="35.299999" />
      <property name="axis" type="float" value="0.000000" />
      <property name="crop" type="float" value="1.000000" />
      <property name="zdist" type="float" value="0.000000" />
      <property name="solid" type="bool" value="false" />
      <property name="solidColor" type="color" value="#ffdd4455" />
      <property name="thickness" type="float" value="1.000000" />
      <property name="enableLight" type="bool" value="false" />
      <property name="lightIntensity" type="float" value="1.000000" />
      <property name="lightColor" type="color" value="#ffffffff" />
      <property name="shine" type="float" value="0.800000" />
      <property name="spec" type="float" value="30.000000" />
      <property name="ambient" type="float" value="0.100000" />
      <property name="lightDir" type="vec2" value="75.000000,-75.000000" />
      <property name="lightDepth" type="float" value="-100.000000" />
    </effect>
    <scene title="" width="6263" height="2921" exportWidth="6263" exportHeight="2921" precompose="dynamicResolution" bgcolor="#00000000" totalTime="4632" fps="30" modifiedTime="0" amver="1000516" ffver="106" am="com.alightcreative.motion/5.0.229.1001615" amplatform="android" retime="off" retimeAdaptFPS="false">
      <shape id="6374110" label="New Project 9 [5342DB3].png" startTime="0" endTime="4632" fillType="none" fillImage="content://media/external/images/media/804" mediaFillMode="fill" s=".rect">
        <transform>
          <location value="2179.521973,1460.500122,2280.048584" />
          <scale value="1.521354,1.521354" />
        </transform>
        <fillColor value="#ff444444" />
        <path-stroke direction="centered" end-size="1.500000">
          <color value="#ff17e1e1" />
          <size value="26.500000" />
        </path-stroke>
        <property name="size" type="vec2" value="540.000000,960.000000" />
      </shape>
      <embedScene id="6374107" label="Group 1" startTime="0" endTime="4632" fillType="intrinsic" outTime="4632" mediaFillMode="fill">
        <transform>
          <location value="2736.765869,1584.484619,2011.796143" />
          <pivot value="0.000000,384.470703" />
          <scale value="2.169270,2.169270" />
        </transform>
        <fillColor value="#ff000000" />
        <scene title="" width="3252" height="2143" exportWidth="3252" exportHeight="2143" precompose="dynamicResolution" bgcolor="#00000000" totalTime="4632" fps="30" modifiedTime="0" amver="1000516" ffver="106" am="com.alightcreative.motion/5.0.229.1001615" amplatform="android" retime="off" retimeAdaptFPS="false">
          <text id="6374098" startTime="2700" endTime="4632" fillType="color" mediaFillMode="fill" size="18.000000" font="googlefonts?name=Titillium Web&amp;weight=900" wrapWidth="512" align="left">
            <transform>
              <location value="2264.866699,1044.351807,2003.729492" />
              <scale value="4.074219,4.074219" />
            </transform>
            <fillColor value="#fff4b446" />
            <effect id="com.alightcreative.effects.dissolve" locallyApplied="true">
              <property name="amount" type="float">
                <kf t="0.008798" v="1.000000" />
                <kf t="0.405797" v="0.000000" e="cubicBezier 0.0 0.0 0.58 1.0" />
              </property>
              <property name="seed" type="float" value="0.000000" />
            </effect>
            <path-stroke direction="centered" end-size="1.500000">
              <color value="#ffffffff" />
            </path-stroke>
            <shadow direction="outside">
              <color value="#ffffffff" />
              <size value="33.000000" />
            </shadow>
            <content>TO FIX IT</content>
          </text>
          <text id="6374103" label="YOU NEEDED ME Copy" startTime="1766" endTime="4632" fillType="color" mediaFillMode="fill" size="18.000000" font="googlefonts?name=Titillium Web&amp;weight=900" wrapWidth="512" align="left">
            <transform>
              <location value="1344.490723,1652.281738,2003.729492" />
              <scale value="3.435547,3.435547" />
            </transform>
            <fillColor value="#ff000000" />
            <effect id="com.alightcreative.effects.dissolve" locallyApplied="true">
              <property name="amount" type="float">
                <kf t="0.005931" v="1.000000" />
                <kf t="0.273552" v="0.000000" e="cubicBezier 0.0 0.0 0.58 1.0" />
              </property>
              <property name="seed" type="float" value="0.000000" />
            </effect>
            <path-stroke direction="centered" end-size="1.500000">
              <color value="#ffffffff" />
              <size value="2.000000" />
            </path-stroke>
            <shadow direction="outside">
              <color value="#ffffffff" />
              <size value="33.000000" />
            </shadow>
            <content>YOU NEEDED ME</content>
          </text>
          <text id="6374102" label="YOUR WAY Copy" startTime="1200" endTime="4632" fillType="color" mediaFillMode="fill" size="18.000000" font="googlefonts?name=Titillium Web&amp;weight=900" wrapWidth="512" align="left">
            <transform>
              <location value="1601.753418,1444.632080,2003.613403" />
              <scale value="3.937500,3.937500" />
            </transform>
            <fillColor value="#ffff4444" />
            <effect id="com.alightcreative.effects.dissolve" locallyApplied="true">
              <property name="amount" type="float">
                <kf t="0.004953" v="1.000000" />
                <kf t="0.228438" v="0.000000" e="cubicBezier 0.0 0.0 0.58 1.0" />
              </property>
              <property name="seed" type="float" value="0.000000" />
            </effect>
            <path-stroke direction="centered" end-size="1.500000">
              <color value="#ffffffff" />
            </path-stroke>
            <shadow direction="outside">
              <color value="#ffffffff" />
              <size value="33.000000" />
            </shadow>
            <content>YOUR WAY</content>
          </text>
          <text id="6374101" label="DON'T GO Copy" startTime="733" endTime="4632" fillType="color" mediaFillMode="fill" size="18.000000" font="googlefonts?name=Titillium Web&amp;weight=900" wrapWidth="512" align="left">
            <transform>
              <location value="2063.867432,1245.815430,2003.613403" />
              <scale value="3.996094,3.996094" />
            </transform>
            <fillColor value="#ff17e1e1" />
            <effect id="com.alightcreative.effects.dissolve" locallyApplied="true">
              <property name="amount" type="float">
                <kf t="0.004360" v="1.000000" />
                <kf t="0.201077" v="0.000000" e="cubicBezier 0.0 0.0 0.58 1.0" />
              </property>
              <property name="seed" type="float" value="0.000000" />
            </effect>
            <path-stroke direction="centered" end-size="1.500000">
              <color value="#ffffffff" />
            </path-stroke>
            <shadow direction="outside">
              <color value="#ffffffff" />
              <size value="33.000000" />
            </shadow>
            <content>DON'T GO</content>
          </text>
          <text id="6374100" label="SH*T Copy" startTime="0" endTime="4632" fillType="color" mediaFillMode="fill" size="18.000000" font="googlefonts?name=Titillium Web&amp;weight=900" wrapWidth="512" align="left">
            <transform>
              <location value="1773.734375,1221.662109,2003.729492" />
              <scale value="5.412110,5.412110" />
              <rotation value="1.097561" />
            </transform>
            <fillColor value="#ff3d4cf5" />
            <effect id="com.alightcreative.effects.dissolve" locallyApplied="true">
              <property name="amount" type="float">
                <kf t="0.104275" v="1.000000" />
                <kf t="0.269862" v="0.000000" e="cubicBezier 0.0 0.0 0.58 1.0" />
              </property>
              <property name="seed" type="float" value="0.000000" />
            </effect>
            <path-stroke direction="centered" end-size="1.500000">
              <color value="#ffffffff" />
            </path-stroke>
            <shadow direction="outside">
              <color value="#ffffffff" />
              <size value="33.000000" />
            </shadow>
            <content>SH*T</content>
          </text>
          <text id="6374099" label="WHEN Copy" startTime="0" endTime="4632" fillType="color" mediaFillMode="fill" size="18.000000" font="googlefonts?name=Titillium Web&amp;weight=900" wrapWidth="512" align="left">
            <transform>
              <location value="1737.740723,965.837830,2003.729492" />
              <scale value="5.349609,5.349609" />
              <rotation value="1.097561" />
            </transform>
            <fillColor value="#ff000000" />
            <effect id="com.alightcreative.effects.dissolve" locallyApplied="true">
              <property name="amount" type="float">
                <kf t="0.104275" v="1.000000" />
                <kf t="0.269862" v="0.000000" e="cubicBezier 0.0 0.0 0.58 1.0" />
              </property>
              <property name="seed" type="float" value="0.000000" />
            </effect>
            <path-stroke direction="centered" end-size="1.500000">
              <color value="#ffffffff" />
              <size value="2.000000" />
            </path-stroke>
            <shadow direction="outside">
              <color value="#ffbebebe" />
              <size value="102.000000" />
            </shadow>
            <content>WHEN</content>
          </text>
        </scene>
      </embedScene>
      <text id="6374114" startTime="0" endTime="4632" fillType="color" mediaFillMode="fill" size="18.000000" font="imported?name=AmazDooMRight.ttf" wrapWidth="512" align="left">
        <transform>
          <location value="2925.000000,2398.000000,0.000000" />
          <scale value="2.216797,2.216797" />
        </transform>
        <content>SIREN</content>
      </text>
    </scene>
  </embedScene>
  <nullobj id="6374105" label="Null 1" startTime="0" endTime="4632" mediaFillMode="fill" type="perspective">
    <transform>
      <location>
        <kf t="0.003454" v="540.000000,960.000000,-1800.500000" />
        <kf t="1.000000" v="540.000000,960.000000,9.500000" e="cubicBezier 0.0 0.0 0.58 1.0" />
      </location>
    </transform>
  </nullobj>
  <embedScene id="6374126" label="KARAKTER" startTime="4600" endTime="8165" fillType="intrinsic" outTime="3565" mediaFillMode="fill" parent="6374135">
    <transform>
      <location value="403.632324,-52.344177,2555.343262" />
      <scale value="1.908581,1.908581" />
    </transform>
    <fillColor value="#ff000000" />
    <scene title="" width="4102" height="2525" exportWidth="4102" exportHeight="2525" precompose="dynamicResolution" bgcolor="#00000000" totalTime="3565" fps="30" modifiedTime="0" amver="1000516" ffver="106" am="com.alightcreative.motion/5.0.229.1001615" amplatform="android" retime="off" retimeAdaptFPS="false">
      <shape id="6374116" label="&#120365;&#120362;&#120375;&#120358; &#120354;&#120367;&#120362;&#120366;&#120354;&#120373;&#120362;&#120368;&#120367; &#120365;&#120362;&#120367;&#120360; &#120355;&#120378; &#120365;&#120362;&#120366;&#120362;&#120373; [7BAC9D4].mp4" startTime="0" endTime="3565" fillType="media" fillVideo="content://media/external/video/media/801" outTime="3565" mediaFillMode="fill" s=".rect">
        <transform>
          <location value="2139.670654,1399.819092,2750.000000" />
          <pivot value="31.499998,0.000000" />
          <scale value="3.799074,3.799074" />
        </transform>
        <effect id="com.alightcreative.effects.chromakey" locallyApplied="true">
          <property name="keyColor" type="color" value="#ffff00e4" />
          <property name="threshold" type="float" value="0.147400" />
          <property name="feather" type="float" value="0.050000" />
          <property name="defringe" type="bool" value="false" />
          <property name="invert" type="bool" value="false" />
        </effect>
        <effect id="com.alightcreative.effects.wipe2" locallyApplied="true">
          <property name="start" type="float" value="-0.226000" />
          <property name="end" type="float" value="0.621000" />
          <property name="angle" type="float" value="0.000000" />
          <property name="feather" type="float" value="0.000000" />
        </effect>
        <effect id="com.alightcreative.effects.wipe2" locallyApplied="true">
          <property name="start" type="float" value="-0.394000" />
          <property name="end" type="float" value="0.780000" />
          <property name="angle" type="float" value="180.000000" />
          <property name="feather" type="float" value="0.000000" />
        </effect>
        <property name="size" type="vec2" value="540.000000,303.500000" />
      </shape>
      <shape id="6374124" label="Rectangle 4" startTime="0" endTime="3565" fillType="none" mediaFillMode="fill" s=".rect">
        <transform>
          <location value="1719.867432,1262.500000,2725.975586" />
          <scale value="2.606694,2.606694" />
        </transform>
        <fillColor value="#ff3cdd5e" />
        <path-stroke direction="centered" end-size="1.500000">
          <color value="#ffffffff" />
          <size value="20.500000" />
        </path-stroke>
        <property name="size" type="vec2" value="312.783508,484.329956" />
      </shape>
      <text id="6374128" startTime="0" endTime="2032" fillType="color" mediaFillMode="fill" size="18.000000" font="googlefonts?name=Roboto&amp;weight=400" wrapWidth="512" align="left">
        <transform>
          <location value="2808.500000,1257.000000,0.000000" />
          <scale value="3.841797,3.841797" />
        </transform>
        <content>? </content>
      </text>
    </scene>
  </embedScene>
  <shape id="6374122" label="Rectangle 3" startTime="4600" endTime="8165" clippingMask="true" fillType="color" mediaFillMode="fill" parent="6374135" s=".rect">
    <transform>
      <scale value="5.400000,9.600000" />
    </transform>
    <fillColor value="#ff888888" />
    <property name="size" type="vec2" value="100.000000,100.000000" />
  </shape>
  <embedScene id="6374134" label="TEXT" startTime="4600" endTime="8165" fillType="intrinsic" outTime="3565" mediaFillMode="fill" parent="6374135">
    <transform>
      <location value="1345.555420,89.520874,2047.500000" />
      <pivot value="159.305420,-193.750000" />
      <scale value="2.323712,2.323712" />
    </transform>
    <fillColor value="#ff000000" />
    <scene title="" width="1972" height="1920" exportWidth="1972" exportHeight="1920" precompose="dynamicResolution" bgcolor="#00000000" totalTime="3565" fps="30" modifiedTime="0" amver="1000516" ffver="106" am="com.alightcreative.motion/5.0.229.1001615" amplatform="android" retime="off" retimeAdaptFPS="false">
      <text id="6374127" startTime="1266" endTime="3565" fillType="color" mediaFillMode="fill" size="18.000000" font="googlefonts?name=Titillium Web&amp;weight=900" wrapWidth="512" align="left">
        <transform>
          <location value="1112.110840,959.000000,0.000000" />
          <scale value="2.851563,2.851563" />
        </transform>
        <fillColor value="#ff444444" />
        <effect id="com.alightcreative.effects.dissolve" locallyApplied="true">
          <property name="amount" type="float">
            <kf t="0.000000" v="1.000000" />
            <kf t="0.311440" v="0.000000" e="cubicBezier 0.0 0.0 0.58 1.0" />
          </property>
          <property name="seed" type="float" value="0.000000" />
        </effect>
        <shadow direction="outside">
          <color value="#ffffffff" />
          <size value="65.000000" />
        </shadow>
        <content>YOU</content>
      </text>
      <text id="6374132" label="I Copy" startTime="933" endTime="3565" fillType="color" mediaFillMode="fill" size="18.000000" font="googlefonts?name=Titillium Web&amp;weight=900" wrapWidth="512" align="left">
        <transform>
          <location value="1048.610840,828.000000,0.000000" />
          <scale value="2.851563,2.851563" />
        </transform>
        <effect id="com.alightcreative.effects.dissolve" locallyApplied="true">
          <property name="amount" type="float">
            <kf t="0.000000" v="1.000000" />
            <kf t="0.272036" v="0.000000" e="cubicBezier 0.0 0.0 0.58 1.0" />
          </property>
          <property name="seed" type="float" value="0.000000" />
        </effect>
        <shadow direction="outside">
          <color value="#ffffffff" />
          <size value="65.000000" />
        </shadow>
        <content>I</content>
      </text>
      <text id="6374131" label="ME Copy" startTime="600" endTime="3565" fillType="color" mediaFillMode="fill" size="18.000000" font="googlefonts?name=Titillium Web&amp;weight=900" wrapWidth="512" align="left">
        <transform>
          <location value="1242.110840,828.500000,0.000000" />
          <scale value="2.851563,2.851563" />
        </transform>
        <fillColor value="#ff3d4cf5" />
        <effect id="com.alightcreative.effects.dissolve" locallyApplied="true">
          <property name="amount" type="float">
            <kf t="0.000000" v="1.000000" />
            <kf t="0.241484" v="0.000000" e="cubicBezier 0.0 0.0 0.58 1.0" />
          </property>
          <property name="seed" type="float" value="0.000000" />
        </effect>
        <shadow direction="outside">
          <color value="#ffffffff" />
          <size value="65.000000" />
        </shadow>
        <content>ME</content>
      </text>
      <text id="6374130" label="LIKE Copy" startTime="300" endTime="3565" fillType="color" mediaFillMode="fill" size="18.000000" font="googlefonts?name=Titillium Web&amp;weight=900" wrapWidth="512" align="left">
        <transform>
          <location value="1061.610840,704.000000,0.000000" />
          <scale value="2.851563,2.851563" />
        </transform>
        <fillColor value="#ff17e1e1" />
        <effect id="com.alightcreative.effects.dissolve" locallyApplied="true">
          <property name="amount" type="float">
            <kf t="0.000000" v="1.000000" />
            <kf t="0.219296" v="0.000000" e="cubicBezier 0.0 0.0 0.58 1.0" />
          </property>
          <property name="seed" type="float" value="0.000000" />
        </effect>
        <shadow direction="outside">
          <color value="#ffffffff" />
          <size value="65.000000" />
        </shadow>
        <content>LIKE</content>
      </text>
      <text id="6374129" label="AND Copy" startTime="0" endTime="3565" fillType="color" mediaFillMode="fill" size="18.000000" font="googlefonts?name=Titillium Web&amp;weight=900" wrapWidth="512" align="left">
        <transform>
          <location value="1149.610840,573.500000,0.000000" />
          <scale value="2.851563,2.851563" />
        </transform>
        <effect id="com.alightcreative.effects.dissolve" locallyApplied="true">
          <property name="amount" type="float">
            <kf t="0.000000" v="1.000000" />
            <kf t="0.200842" v="0.000000" e="cubicBezier 0.0 0.0 0.58 1.0" />
          </property>
          <property name="seed" type="float" value="0.000000" />
        </effect>
        <shadow direction="outside">
          <color value="#ffffffff" />
          <size value="65.000000" />
        </shadow>
        <content>AND</content>
      </text>
    </scene>
  </embedScene>
  <nullobj id="6374135" label="Null 2" startTime="4600" endTime="8165" mediaFillMode="fill" type="perspective">
    <transform>
      <location>
        <kf t="1.000000" v="540.000000,960.000000,0.000000" e="cubicBezier 0.0 0.0 0.58 1.0" />
        <kf t="0.000000" v="540.000000,960.000000,-1773.000000" />
      </location>
    </transform>
  </nullobj>
  <shape id="6374137" label="New Project 9 [7FD7A18].mp4" startTime="8133" endTime="11599" fillType="media" fillVideo="content://media/external/video/media/1811" inTime="11716" outTime="15182" mediaFillMode="fill" s=".rect">
    <transform>
      <location value="540.000000,960.000000,0.000000" />
      <rotation value="90.000000" />
    </transform>
    <effect id="com.alightcreative.effects.boxblur3" locallyApplied="true">
      <property name="strength" type="float" value="0.134000" />
    </effect>
    <gain value="0.000000" />
    <property name="size" type="vec2" value="960.000000,540.000000" />
  </shape>
  <shape id="6374138" label="6909652888743232514_avatar.png.jpg" startTime="8133" endTime="9765" fillType="media" fillImage="content://media/external/images/media/668" mediaFillMode="fill" s=".rect">
    <transform>
      <location value="557.500000,960.000000,0.000000" />
      <scale value="0.412963,0.412963" />
    </transform>
    <effect id="com.alightcreative.effects.chromakey" locallyApplied="true">
      <property name="keyColor" type="color" value="#ff000000" />
      <property name="threshold" type="float" value="0.100000" />
      <property name="feather" type="float" value="0.050000" />
      <property name="defringe" type="bool" value="false" />
      <property name="invert" type="bool" value="false" />
    </effect>
    <effect id="com.alightcreative.effects.dissolve" locallyApplied="true">
      <property name="amount" type="float">
        <kf t="0.000000" v="1.000000" />
        <kf t="0.153186" v="0.000000" e="cubicBezier 0.0 0.0 0.58 1.0" />
        <kf t="0.765931" v="0.000000" />
        <kf t="0.990809" v="1.000000" />
      </property>
      <property name="seed" type="float" value="0.000000" />
    </effect>
    <property name="size" type="vec2" value="540.000000,540.000000" />
  </shape>
  <text id="6374139" startTime="9766" endTime="11599" fillType="color" mediaFillMode="fill" size="18.000000" font="imported?name=AmazDooMRight.ttf" wrapWidth="512" align="left">
    <transform>
      <location value="1264.500000,929.000000,0.000000" />
      <scale value="3.240234,3.240234" />
    </transform>
    <effect id="com.alightcreative.effects.dissolve" locallyApplied="true">
      <property name="amount" type="float">
        <kf t="0.000000" v="1.000000" />
        <kf t="0.153186" v="0.000000" e="cubicBezier 0.0 0.0 0.58 1.0" />
        <kf t="0.765931" v="0.000000" />
        <kf t="0.990809" v="1.000000" />
      </property>
      <property name="seed" type="float" value="0.000000" />
    </effect>
    <path-stroke direction="centered" end-size="1.500000">
      <color value="#ff888888" />
    </path-stroke>
    <shadow direction="outside">
      <color value="#ffffffff" />
      <size value="68.000000" />
    </shadow>
    <content>SIREN</content>
  </text>
</scene>